ID,City,Year,"AIDS Diagnoses Rate (Per 100,000 people)","All Types of Cancer Mortality Rate (Age-Adjusted; Per 100,000 people)","All-Cause Mortality Rate (Age-Adjusted; Per 100,000 people)","Asthma Emergency Department Visit Rate (Age-Adjusted; Per 10,000)",Bike Score,"Chlamydia Rate (Per 100,000 People)","Congenital Syphilis Rate (Per 100,000 Live Births)","Diabetes Mortality Rate (Age-Adjusted; Per 100,000 people)","Female Breast Cancer Mortality Rate (Age-Adjusted; Per 100,000 people)","Firearm-Related Emergency Department Visit Rate (Age-Adjusted; Per 10,000 people)","Firearm-Related Mortality Rate (Age-Adjusted; Per 100,000 people)","Gonorrhea Rate (Per 100,000 People)","Heart Disease Mortality Rate (Age-Adjusted; Per 100,000 people)","HIV Diagnoses Rate (Per 100,000 people)","HIV-Related Mortality Rate (Age-Adjusted; Per 100,000 people)","Homicide Rate (Age-Adjusted; Per 100,000 people)","Infant Mortality Rate (Per 1,000 live births)",Life Expectancy at Birth (Years),"Lung Cancer Mortality Rate (Age-Adjusted; Per 100,000 people)",Median Household Income (Dollars),"Motor Vehicle Mortality Rate (Age-Adjusted; Per 100,000 people)","Opioid-Related Unintentional Drug Overdose Mortality Rate (Age-Adjusted; Per 100,000 people)",Percent Foreign Born,Percent Living Below 200% Poverty Level,Percent of 3 and 4 Year Olds Currently Enrolled in Preschool,Percent of Adults 65 and Over Who Received Pneumonia Vaccine,Percent of Adults Who Are Obese,Percent of Adults Who Binge Drank,Percent of Adults Who Currently Smoke,Percent of Adults Who Meet CDC-Recommended Physical Activity Levels,Percent of Adults Who Received Seasonal Flu Shot,Percent of Children (Tested) Under Age 6 with Elevated Blood Lead Levels,Percent of Children Living in Poverty,Percent of Children Who Received Seasonal Flu Shot,Percent of High School Graduates (Over Age 18),Percent of High School Students Who Are Obese,Percent of High School Students Who Binge Drank,Percent of High School Students Who Currently Smoke,Percent of High School Students Who Meet CDC-Recommended Physical Activity Levels,Percent of Households Whose Housing Costs Exceed 35% of Income,Percent of Low Birth Weight Babies Born,Percent of Mothers Under Age 20,Percent of Population 65 and Over,Percent of Population Under 18,Percent of Population Uninsured,Percent of Population with a Disability,Percent Unemployed,Percent Who Only Speak English at Home,Percent Who Speak Spanish at Home,"Persons Living with HIV/AIDS Rate (Per 100,000 people)","Pneumonia and Influenza Mortality Rate (Age-Adjusted; Per 100,000 people)","Primary and Secondary Syphilis Rate (Per 100,000 People)",Race/Ethnicity (Percent),"Rate of Laboratory Confirmed Infections Caused by Salmonella (Per 100,000 people)","Rate of Laboratory Confirmed Infections Caused by Shiga Toxin-Producing E-Coli (Per 100,000 people)",Sex (Percent),"Suicide Rate (Age-Adjusted; Per 100,000 people)",Total Population (People),Transit Score,"Tuberculosis Incidence Rate (Per 100,000 people)",Walkability
1,"Austin, TX",2014,,,,,,,,,,,,,,,,,,,,61787,,,17.7,,46.1,,,,,,,,,,18.3,,,,,21.7,,,8.4,23,,,,68.4,24.4,,,,128.8,,,100,,1151145,,,
2,"Austin, TX",2015,,,,,,,,,,,,,,,,,,,,65269,,,18,12.2,47.9,,,,,,,,4.2,,18.2,,,,,21.8,,,8.7,22.8,111,,,68.3,23.9,,,,125.9,,,100,,1176558,,,
3,"Austin, TX",2016,,,,,,,,,,,,,,,,,,,,70158,,,16.9,11.5,52.3,,,,,,,,3.8,,17.3,,,,,20,,,9,22.5,134.1,,,69.5,23,,,,120.1,,,100,,1199323,,,
4,"Baltimore, MD",2010,314.8,,,,,,,,,,,,,424.1,,,,,,,,,,,,216.3,145.3,75.1,122.3,344,,,,,,,,,,,,,,,,,,,,13320.9,,,,,,,,,,,
5,"Baltimore, MD",2011,339,,,,,,,,,,,,,423.2,,,29.1,,,,,,,,,330.1,183.4,107.1,115.8,346.1,,,,,,,,,,,40.6,40.8,,,,,,,,12421.7,,,,,,,,,,,
6,"Baltimore, MD",2012,383.4,213.9,,,,,,,,,,,241.6,498.2,20,,25.7,,,39241,,,7.5,46.6,50.3,380.8,148.2,99,110.9,348.6,,,34.1,,80.8,,,,,34.9,37.8,37,11.9,21.5,123.3,140.4,89.1,90.5,4.2,13955.5,,,99.6,152.5,,100,,621342,,12.4,
7,"Baltimore, MD",2013,,,,,,,,,,,,,,,,,30.5,73.9,,42266,,,7.1,43.4,50.9,,,,,,,,36.1,,82.2,,47.2,25.8,,34.5,41.4,32.5,12,21.1,107.3,141.7,59.9,91.3,3.6,,,,99.8,136,,100,,622104,,12.4,
8,"Baltimore, MD",2014,,,,,,,,,,,,,,,,,,,,42665,,,7.8,,52.4,,,,,,,,,,31.7,,,,,64.1,,,12.3,21.2,81.8,147.8,60.6,91.1,4.1,,,,99.6,119.3,,100,,622793,,11.2,
9,"Baltimore, MD",2015,,,,,,,,,,,,,,,,,,,,44165,,,8,20.5,57.1,,,,,,,,7.4,,29.7,,,,,26.6,,,12.5,21.1,81.4,149.9,,90.6,3.7,,,,103,,,100,,621849,,,
10,"Baltimore, MD",2016,,,,,,,,,,,,,,,,,,,,47350,,,8.1,19.6,48.1,,,,,,,,6.9,,29.4,,,,,25.1,,,12.9,21,73.9,156.2,,90.3,4.3,,,,100.7,,,100,,614664,,,
11,"Baltimore, MD",2018,,,,,56,,,,,,,,,,,,,,,,,,,,,,,,,,,,,,,,,,,,,,,,,,,,,,,,,,,,,,57,,69
12,"Boston, MA",2010,,1251,4640.8,806.8,,1885.9,,73.3,73.9,20.7,56.2,336.5,871.5,,5.1,42.3,4,,274.3,,4.3,,,,,,137.2,144.3,116.6,,,,,,,,,,,,47.3,106.6,,,,,,,,,66.4,112.4,,190.8,,,42.3,,,66.4,
13,"Boston, MA",2011,,1159,4526.3,742.2,,1997.9,,109.2,64.8,21.6,39.3,309.3,837.2,222.5,,44,,,271.2,,,18.9,,,,,85.5,,,,,10.4,,,,87.1,127.8,44.8,92.9,,51.3,104.8,,,,,,,,5816.6,64.9,181.3,,111.2,,,42.6,,,17.2,
14,"Boston, MA",2012,,1253.7,4787.3,700.1,,2136.3,,115.1,40,17,26,419.8,963.9,194.8,,21.9,4.9,570.1,293.9,51642,13.6,15.8,26.2,38.9,59.2,,76.3,,59,,,10,27.5,,86.4,,,14.8,,34.2,41.6,106.7,10.5,17.3,39.9,134.2,74,63.4,15.9,5911.1,84.4,154.5,99.1,87.8,,100,27.3,637516,,33.4,
15,"Boston, MA",2013,,1169.2,4807.9,731.5,,2397.5,,110.2,39.5,16.4,25.5,577,832.5,181.5,,22.3,4.9,571.1,227.2,53583,4.7,24.3,27.7,37.5,59.3,,156.8,160.9,124.8,163.1,341,8.5,30.4,,87,82.7,103.1,27.4,108.9,35,45.3,20,10.6,16.6,35,129,61.7,63.9,16.9,6014.3,59.5,291.2,98.6,114.3,,100,28.3,644710,,13.1,
16,"Boston, MA",2014,,1017.5,4609.6,685.6,,2408.2,,111.5,38.8,18.3,35.7,681.5,781.7,202.7,,39.9,20.3,574.6,254.7,56902,25.5,59.2,27.6,,59.7,,,,,,,7.3,,,21,,,,,34.2,45.2,17.8,10.3,33.1,35.4,132.9,68.4,62.7,16.3,6132.7,56.4,254.1,98.6,80.2,,100,27.7,656051,,15.8,
17,"Boston, MA",2015,,1204.9,4580.3,704.4,,2275.2,,140,64.5,16.8,33.3,604.3,884,153.7,19.6,18.6,5.4,567.1,,58263,24,95.1,28.4,18.3,58.5,,151.1,150.4,110,123.7,,6.9,5.2,,21.2,113.6,75.4,28.5,209.4,30.2,45.2,100,10.6,16.7,24.5,122.4,,62.3,16.6,6179.4,85.3,319.1,111.5,160.8,,100,31.2,669469,,17.8,
18,"Boston, MA",2016,,,,,,2571.6,,,,,,646.6,,,,,,,,63621,,,28.9,18.5,58.7,,,,,,,,5.2,,20,,,,,26.6,,,11,16.1,29.9,106.3,,61.2,17.1,,,400,113.6,,,100,,672840,,,
19,"Boston, MA",2018,,,,,70,,,,,,,,,,,,,,,,,,,,,,,,,,,,,,,,,,,,,,,,,,,,,,,,,,,,,,73,,81
20,"Charlotte, NC",2010,97.5,,,,,3966,,,,,,1298,,282.4,,,16.1,,,,,,,,,292.1,138.3,59.1,57.6,,196.6,0.1,,,,,,,,,38.3,36.6,,,,,,,,2801.8,,73.7,,,,,,,,,
21,"Charlotte, NC",2011,132.2,,,,,5604.1,,,,,,1641.1,,349.9,,,17.4,,,,,,,,,320,130.4,90.7,82.1,254.8,173.6,0,,,,62.3,110.2,102,152.6,,47.5,32.8,,,,,,,,3156.7,,90.5,,,,,,,,,
22,"Charlotte, NC",2012,220.4,,,,,4828.4,,,,,,1419.5,,265.1,,,15.7,,,,,,,,,319.7,135,68,107.1,,184.7,0,,,,,,,,,51,27.9,,,,,,,,3522.5,,55.7,,,,,,,,,
23,"Charlotte, NC",2013,251.6,,,,,5508,,,,,,1469.3,,209.1,,,17.4,,,,,,,,,291.8,98.2,83.9,72,255.4,186.2,0.3,,,,70,103.4,59.2,156.5,,46.1,28.3,,,,,,,,3899,,80.5,,,,,,,,,
24,"Charlotte, NC",2014,129.4,,,,,6039.4,,,,,,1989.3,,304.9,,,15.3,,,58841,,,14.3,,55.2,308.4,122.5,78.3,77.2,,149.1,0.3,,,19,,,,,18.7,45.1,22.2,10,24.6,,,,81.3,10.9,4255,,115.1,107.6,,,100,,1012539,,,
25,"Charlotte, NC",2015,141.6,,,,,6741.3,,,,,,2154.6,,279.7,,,16.7,,,56883,,,14.5,13.5,42.5,273.5,161.6,71.7,78.3,242.1,204.3,,4.6,,19.9,86.2,98.3,67.3,130.7,,47.2,23.5,,24.4,114,,,81.1,11.1,4600.1,,179.4,108.7,,,100,,1034070,,,
26,"Charlotte, NC",2016,,,,,,,,,,,,,,,,,,,,62978,,,15.2,10.7,48.8,,,,,,,,4.4,,18,,,,,17.8,,,10.6,24.2,124.1,,,79.9,10.9,,,,107.3,,,100,,1054835,,,
27,"Chicago, Il",2010,,1226,,610,,,,183.9,104.5,29.5,,,1356.6,,44.7,87.9,33.4,,310.2,,40.3,,,,,,190.7,,113.3,,,,,,,78.1,77.8,65.4,73.6,,47.4,47.3,,,,,,,,4829.7,110.5,,,,,,42,,,,
28,"Chicago, Il",2011,127.9,1212.8,5148.3,661.8,,,,165.4,114.3,28,84.5,,1364.4,221,31.8,86.3,35.7,,299.4,,39.8,,,,,248.5,150.2,177.8,109.6,303.5,,,,,,,,,,,38.7,43.8,,,,,,,,4962.1,136.3,,,,,,38.3,,,,
29,"Chicago, Il",2012,129.4,1218.1,5169.7,,,,,182.6,110.6,,98.8,,1197.7,240.2,29.2,99.6,32.6,78,292.1,45214,34.9,,21.4,45.4,54.9,,,,,,,16.6,34.4,,81.5,,,,,36.1,47.7,40,10.9,22.6,168.7,100.5,92.2,63.2,24.6,5127.4,136.5,,99.7,82.5,0.7,100,36.6,2714844,,58.5,
30,"Chicago, Il",2013,105.9,1268.2,5088.3,,,,,152.6,115.1,,84.1,,1269.5,243.3,23.3,73.4,,,296.9,47099,47.4,,21.1,43.9,56.1,,,,,,28.5,13.3,33.9,64,82.4,80.9,109,69.2,117.8,35.1,,,,22,170.4,75,100.6,64.3,24.4,,131.9,,99.8,92.6,0.8,100,48.2,2718789,,53.5,
31,"Chicago, Il",2014,,,,,,,,,,,,,,,,,,,,48734,,,20.5,,57,,,,,,,12.2,,,24.1,,,,,66.1,,,11.4,22,130.1,104.1,84.2,64.3,24.6,,,,99.9,83.8,1,100,,2722407,,54.8,
32,"Chicago, Il",2015,,,,,,,,,,,,,,,,,,,,50702,,,21.1,18.4,56.3,,,,,,,,6.8,,23.8,,,,,29.6,,,11.6,21.4,85.4,104.9,,63.6,24.7,,,,117.2,,,100,,2720556,,,
33,"Chicago, Il",2016,,,,,,,,,,,,,,,,,,,,53006,,,20.7,16.7,60.9,,,,,,,,6.1,,23.1,,,,,27.8,,,11.8,21.2,103,92.4,,63.3,25.1,,,,116.9,,,100,,2704965,,,
34,"Chicago, Il",2018,,,,,70,,,,,,,,,,,,,,,,,,,,,,,,,,,,,,,,,,,,,,,,,,,,,,,,,,,,,,65,,78
35,"Cleveland, OH",2010,,,5373.5,,,,,171.6,,,,,1741.6,,5.5,,37.3,537.8,,,,,,,,,,,,,,,,,,,,,,,46.3,65.1,,,,,,,,,53.7,,,69.3,1.3,,60.1,,,,
36,"Cleveland, OH",2011,,,5701.8,,,,,192.2,,,,,1876.1,,0.7,,29.5,,,,,,,,,,,,,,,,,,,,,,,,47.8,63,,,,,,,,,92.3,,,93.2,2,,57.3,,,,
37,"Cleveland, OH",2012,,,5498.4,230.2,,,,197,,,,,1776.4,,2.6,24.9,39.8,,,24257,7.3,,4.3,63,41.3,,,,,,,15.6,55.7,,75.8,,,,,38.7,49.5,57.3,12.2,23.5,124.6,180.8,114.7,88.2,7.4,,59.8,,100,131.9,5.1,100,59.7,390923,,,
38,"Cleveland, OH",2013,,,,227.8,,,,,,,,,,,,26.7,,,,26096,7.1,,4.4,60.7,41.4,,,,,,,37.2,58.5,,78,,,,,35.1,75.6,69.4,12.4,23.3,107.4,182,103.1,88.2,7.9,4618.3,,,99.9,93,7.7,100,66.6,390106,,,
39,"Cleveland, OH",2014,,218.3,,273.4,,,,,,,,,117.2,,,25.5,,,,24701,6.3,,5.1,,42.5,,,,,,,37.5,,,32.9,,,,,62.6,,,12.2,24.2,96.4,183.8,121.6,87.7,7.7,5672.7,,,99.9,121.8,0,100,51.7,389524,,,
40,"Cleveland, OH",2015,,,,,,,,,,,,,,,,,,,,28831,,,4.9,32.7,41.5,,,,,,,,11.4,,32.2,,,,,27.9,,,13.5,22.5,83.8,189.3,,87.7,7.9,,,,107.6,,,100,,388059,,,
41,"Cleveland, OH",2016,,,,,,,,,,,,,,,,,,,,27551,,,5.5,32.1,52.2,,,,,,,,11.6,,34.8,,,,,26.1,,,13.1,22.3,58.3,177.4,,86.2,8.4,,,,106.9,,,100,,385810,,,
42,"Cleveland, OH",2018,,,,,51,,,,,,,,,,,,,,,,,,,,,,,,,,,,,,,,,,,,,,,,,,,,,,,,,,,,,,47,,60
43,"Columbus, OH",2010,,1013.6,5626.7,,,5200.9,,142.6,73.1,,85.5,2235.3,1054.1,,,66.5,29.4,,326.2,,34.1,52.2,,,,,,,,,,6,,,,52,,,,,63.8,69.4,,,,,,,,,82,56.6,,32.5,,,48,,,40.8,
44,"Columbus, OH",2011,,1011.8,6124.1,,,3376.6,,183,94.7,,82.4,1479.3,1017.5,,,74.4,38.9,,320.3,,39.5,53.7,,,,145.9,147,78.7,124.7,215.1,176.5,4.3,,,,,,,,,54.4,51.6,,,,,,,,,108.9,40.9,,34.5,,,41.8,,,5.2,
45,"Columbus, OH",2012,,994.7,6130.2,,,2741.4,,180.1,42.1,,90.4,1159.6,1015.2,,,74.7,32.4,374.2,316.3,,53.9,48.8,,,,234.1,165.4,78.7,132.1,,198.7,3.2,,,,73.2,,,,,62.9,53.4,,,,127.2,,,,,84.5,51.6,,28.9,,,61.5,,,16.6,
46,"Columbus, OH",2013,,1033,6236.3,,,3649.2,,195.6,85.6,,93.6,1478.9,1051.2,,,67.8,32.3,,314,,34.7,41.2,,,,201.6,164.6,96.4,154.5,249.3,222.1,1.6,,,,,,,,,59.7,47.5,,,,126.6,,,,,120.3,85.2,,50.3,,,44.4,,,24.3,
47,"Columbus, OH",2014,,1057.3,6257.8,,,3866.9,,192.3,76.2,,93.2,1560.6,1069.4,,,72,32.3,,313.3,53180,23.5,40.5,9.9,,43.9,250.9,183.6,93.1,120.3,,191.9,1.4,,,24.6,,,,,17.6,62.5,45.7,10.9,23.7,,134.9,,87.9,3.6,,114.8,110.8,103.7,29.5,3.8,100,61.5,1231393,,5.8,
48,"Columbus, OH",2015,,1369.1,7215.7,,,4159.6,,195.1,87.9,,103,1620.9,1199.1,,,77,30.7,371.3,326.6,53882,61.6,61.3,10.5,15.8,40.7,202.8,170,117,151.8,246,160.6,1.3,5.9,,25.1,86.4,,,,17.4,61.3,39.9,11.1,23.6,77.6,131.9,,87.3,3.9,,126.6,137.2,103.4,42.9,4.3,100,64.6,1251722,,4.5,
49,"Columbus, OH",2016,,1012.7,7076.3,,,4299,,162.9,78.3,,90.1,2176.6,1144.7,,,69.2,31.7,,293.8,56055,65.4,115.1,10.2,15.2,39,223.9,163.8,98.5,135.2,,188.6,1.3,5.8,,25.6,,,,,15.1,66,44.5,11.3,23.5,73.9,103.6,,86.8,3.5,,109.2,126.3,103.9,61.8,0,100,40.8,1264518,,23.8,
50,"Columbus, OH",2018,,,,,47,,,,,,,,,,,,,,,,,,,,,,,,,,,,,,,,,,,,,,,,,,,,,,,,,,,,,,31,,41
51,"Dallas, TX",2011,,,,,,,,,,,,,,266.4,,,,,,,,,,,,,,,,,,,,,,,,,,,,,,,,,,,,3876.8,,,,,,,,,,77.3,
52,"Dallas, TX",2012,,,,,,,,,,,,,,222.3,,,,,,41354,,,24.2,51.1,55.5,,,,,,,,38.5,,74.8,,,,,29,,,9.2,27.3,227.3,97.6,71.3,58.6,34.2,4125.1,,,99.9,149.8,20.1,100,,2453843,,73.4,
53,"Dallas, TX",2013,,,,,,,,,,,,,,219.1,,,,,,41978,,,24.4,50.8,36.3,,,,,,,,39.4,,75.6,,,,,28.6,,,9.5,27.1,263.2,91.3,64.7,58.8,34.4,4287.5,,,99.8,111,21.7,100,,2480331,,75.4,
54,"Dallas, TX",2014,,,,,,,,,,,,,,,,,,,,50076,,,23.7,,40.5,,,,,,,,,,24.2,,,,,53.8,,,9.7,26.9,186.9,94.5,57.6,57.6,35,,,,99.9,88.8,31.2,100,,2518638,,,
55,"Dallas, TX",2015,110.1,,,,,3407,,,,,,1311.6,,230.3,,,,,,51799,,,24.4,15.3,39.3,,,,,,,,7.3,,23.7,,,,,24.9,,,9.9,26.7,137.1,103.5,,57.1,34.9,4583,,77.1,132.5,87.7,16.1,100,,2553385,,82.2,
56,"Dallas, TX",2016,110.1,,,,,3749,,,,,,1530.3,,232.8,,,,,,54399,,,24.4,13.5,42.1,,,,,,,,6.8,,23.4,,,,,21.3,,,10.1,26.7,179.4,94.4,,56.3,35.1,4854.3,,87.9,133.4,99,19.3,100,,2574984,,77.6,
57,"Dallas, TX",2018,,,,,44,,,,,,,,,,,,,,,,,,,,,,,,,,,,,,,,,,,,,,,,,,,,,,,,,,,,,,40,,46
58,"Denver, CO",2010,148.1,1259.2,5669.5,,,6535.6,0,157.2,150.6,,68.6,1432.6,1149.7,219.2,29.5,51.5,19.6,,326.8,,61.1,44.9,,,,,,,,,,12.9,,,,,,,,,63.2,59.6,,,,,,,,6352.9,94.5,119.5,,71.7,9,,100.5,,,61.8,
59,"Denver, CO",2011,127.3,1613.5,4457,,,6836.3,0,167.5,377,,75,1237.2,1690.5,176.9,37.3,120.1,21.7,,292.4,,125,52.9,,,,320.4,145,151,147.7,370.7,232.1,9.7,,,,,,,,,63.5,49.2,,,,,,,,6564.6,104.6,57.6,,48.2,11.9,,192.9,,,48.1,
60,"Denver, CO",2012,126.2,1487.2,4276.5,120.9,,7121.6,0,314.4,148.8,2.3,76.6,1564.2,1331.9,158,17.4,58.9,39,235.8,270,50488,129.2,16.5,15.4,38.3,55.5,337,125.6,146.1,131.4,,257,8,28.5,275,85.7,,,,,29.3,78.7,55.9,10.5,21.7,145,100.8,52.5,73.7,19.9,6787.9,274.5,124.6,99.7,330.6,7.1,100,120.1,634265,,7.1,
61,"Denver, CO",2013,75,1726.4,5669.6,139.3,,6657.8,0,143.6,172,2.8,66.4,1302.7,1197.3,166.3,54.9,63.4,53.3,,373.3,51089,58.5,18.8,15.2,38.6,55.8,304.1,130.2,149.8,137.1,333,262.9,8.5,31.1,249.6,86.2,85.1,139.4,86.1,152.7,29.4,85.2,35.2,,21,151.4,101.2,47.5,73.6,20.4,7007,397.7,104.2,99.9,567.5,94.1,100,156.6,649495,,52.8,
62,"Denver, CO",2014,80.4,1202.4,5845.9,153.1,,7082.3,0,160.6,86.1,1,66.3,1416.5,1169.3,181.5,32.4,54.4,25.1,,253.8,54941,51.9,54.9,17,,65.3,305.6,113.4,133.2,108.6,,267.3,4.8,,239.7,18.3,,,,,46.7,84.4,43.7,10.9,,87.1,92.2,43,71.3,,7223.7,108.6,136.4,99.9,489.8,18.3,100,110.3,663862,,60.5,
63,"Denver, CO",2015,71.5,1213.9,6313.5,96.9,,7525.3,0,170.8,78.5,2.1,91,2128.9,1283.5,171.3,52.5,67,36.5,,221.6,58003,84.4,60.1,16.6,13.6,60.1,347.4,133.8,166.4,120.4,395.9,341.2,7.4,4.9,,17.3,99,,45.9,195.3,19.8,60.6,,11.1,20.6,62.3,99.4,,72.2,21.3,8051.4,78.6,181.5,125,77.9,17.3,100,130.7,682545,,49.6,
64,"Denver, CO",2016,76.6,1419.2,6373.6,,,6813.1,0,210.4,137.7,,97.4,2446.1,1248,164.6,14.3,70.6,18.2,,270.6,61105,105.2,57.1,14.9,12.5,53.3,320.1,140.9,162.6,121.2,,300.4,5.2,4.1,,19.3,,,,,21.3,66.8,21.1,11.2,20.3,65.5,105.7,,74.1,19.4,7872.2,82.3,160.2,123.3,85.2,37.2,100,140.7,693060,,40.8,
65,"Denver, CO",2018,,,,,71,,,,,,,,,,,,,,,,,,,,,,,,,,,,,,,,,,,,,,,,,,,,,,,,,,,,,,48,,61
66,"Detroit, MI",2011,67.5,1168.9,,,,,,107,62.4,,221.3,,1496.3,257,43.9,215.6,37.5,363,285.9,,37.5,,,,,235.9,238.9,67.1,164.2,78.9,135.5,,,,,90.2,44.3,14.1,80,,42,,,,,,,,,4793,92.2,,,,,,34.8,,,,
67,"Detroit, MI",2012,40.1,1209.9,5802.6,,,,,85.4,57.3,,220,,948.2,208.8,75.7,217.9,46.4,365,308.3,23600,54.1,,5,65.3,45.9,278.2,242.5,75.2,120,,124.4,,61.4,,76.8,,,,,40.4,64.9,58.5,12.2,25.4,187.2,169.7,161.8,90.1,6.3,4523.8,53,,100.1,12.7,0,100,54.3,701524,,25.6,
68,"Detroit, MI",2013,53.5,1113.2,5944,,,,,149.9,57.1,,176.3,,1553.3,204.7,39.1,173.8,37.6,367,292.6,24820,47.2,,5,64,41,161.6,188.5,91.2,137.8,74.8,156,,60.6,,78.2,120.9,42.9,9.9,63.2,39.3,59.8,64,12.6,24.9,186.9,169.9,168.5,89.5,6.8,4662.7,115.3,,99.8,20.6,0,100,45,688740,,136.9,
69,"Detroit, MI",2014,55.9,1076.1,8757.7,,,,,167.1,54.8,,144.8,,1509.6,189.6,8.8,171.1,32.3,368,256.2,25769,61.9,,5.7,,43.6,167.9,129.4,62.5,135.3,,92.8,,,,34.1,,,,,38.5,65.4,60.1,12.5,24.8,140.7,169.1,153.9,89.8,6.5,4822.4,99.2,,99.8,23.4,0.9,100,43.3,680281,,75.9,
70,"Detroit, MI",2015,118.6,,4877.7,,,,,136.9,,,,,1465,197.7,28.6,,,,,25980,,,5.9,36.9,,,,,,70.7,,,14.5,,33,106.6,50,39,76.7,,,,12.7,25.3,100.4,175.1,,88.6,7.2,3797.6,87.8,,104.7,68.4,0,100,,677124,,46.8,
71,"Detroit, MI",2016,,,,,,,,,,,,,,,,,,,,28099,,,5.9,32.8,38.6,,,,,,,,13,,32.6,,,,,29.1,,,12.7,25.7,77.4,141.9,,89.1,,,,,103.2,,,100,,672829,,,
72,"Detroit, MI",2018,,,,,55,,,,,,,,,,,,,,,,,,,,,,,,,,,,,,,,,,,,,,,,,,,,,,,,,,,,,,38,,
73,"Fort Worth (Tarrant County), TX",2010,6.2,1130.4,,,,,,150.3,62.8,,65.6,277,1212.7,,9.2,43,39.9,234.7,265.7,,51.7,8.3,,,,76.3,33.6,15.3,14.5,,,,,,,,,,,,46.5,50.9,,,,,,,,207.1,54.1,122.8,,116.6,17.7,,46.5,,,35.8,
74,"Fort Worth (Tarrant County), TX",2011,6.2,1172.4,5240,,,,,138.2,77.9,,59.3,898.1,1171.5,,6.9,39.4,39.6,235.7,306.8,,52.5,14.4,,,,77.2,29.2,19.7,17.1,47.9,,,,,,,,,,,45.6,47.2,,,,,,,,227,51.9,100.7,,112.5,4.2,,46.4,,,26.1,
75,"Fort Worth (Tarrant County), TX",2012,5.5,1166.4,5633.2,,,,,168.5,83.9,,58.8,878.6,1228.5,83.4,6,27.3,23.3,235.6,268.4,,61.8,8.9,,41.6,45.2,70.7,29.4,17.7,20,,,,,,,,,,,25.2,45,43.3,9.6,27.5,208.5,95.3,53.2,70.5,22.1,245.7,111.6,120.2,99.8,103,6.8,100,55.8,1880153,,33.7,
76,"Fort Worth (Tarrant County), TX",2013,6.5,1040.5,4822.2,,,,,177.3,79.7,,61.8,872.6,1008.5,76.4,18.8,35.2,32.2,236.1,223.4,56853,55.9,1.1,15.6,40.9,34.6,75.1,31.6,14.6,16.9,39.4,,,22.1,,84.5,,,,,23.6,43.8,39.6,9.9,27.3,207,95.2,46.1,72.4,21,222.8,67.2,98.8,99.7,102.5,9.4,100,36.4,1911541,,20.1,
77,"Fort Worth (Tarrant County), TX",2014,16.8,1035.7,5121.8,,,,,164.4,68.8,,32.5,912.2,1016.8,72,17.5,29.3,32.5,235.9,217.6,58099,62.5,10,15.5,,40.1,69.6,31.4,13.4,15.8,,,,,,25.1,,,,,25.4,28.9,36.6,10.2,27.1,173.9,96.1,37.7,72.3,20.9,265.7,51.2,131.6,99.6,117.9,18.7,100,55.8,1945360,,39.5,
78,"Fort Worth (Tarrant County), TX",2015,22.8,1011.5,4795.9,,,,,149.5,80.2,,50.9,993,1011.4,,14.5,36.3,22.4,,241.8,60737,53.2,,15.9,11.7,43.8,72.4,29.7,17.9,10.3,44.6,309.1,,5.1,,25.3,,86.7,44.6,122.7,18,44.9,32.1,10.5,26.9,130.5,98.6,,71.7,21,278.5,76,175.8,122,151.7,16.9,100,59.6,1982498,,21,
79,"Fort Worth (Tarrant County), TX",2016,,,,,,,,,,,,970.1,,,,,,,,61534,,,16.3,11.7,37.3,,,,,,,,5.4,,25.6,,,,,18.3,,,10.8,26.7,149,100.7,,70.3,21.7,,,186,121.3,,,100,,2016872,,,
80,"Houston, TX",2010,215.2,1107.3,,,,,,147.9,64.7,,34.7,,1180.5,304,45.5,,6.4,,278.2,,70.5,,,,,,201.9,,,,,16.9,,,,,,,,,8.9,46.2,,,,,,,,4310.7,84.8,,,44.5,0.3,,61.5,,,93.2,
81,"Houston, TX",2011,193.8,1104.8,4824.4,,,,,140.9,78.7,,33.7,,1074.3,280,33.8,,5.6,,264.7,,45.4,25,,,,363.8,,119.4,,,230.6,12.4,,,,,199.5,74.5,,,8.8,43.6,,,,,,,,4613.1,96.9,,,50.8,2.2,,59.2,,,91.3,
82,"Houston, TX",2012,163.1,1093.7,5029.1,,,,,162.6,90.2,,34.6,,1169.2,221.7,34.9,,6.1,,254.3,52430,67,19.5,27.9,47.8,42.6,289.3,,101.6,,,222.7,,37.6,,75.9,,,,,31,8.6,40.6,9.6,25.6,242,99.6,66.1,52.8,38.2,4668.6,82.6,,99.8,21.7,2.6,100,70.6,2161686,,76.8,
83,"Houston, TX",2013,159.7,,,,,,,,,,,,,262.7,,,7,,,45353,,19.1,28.3,46.4,40.8,192.5,,104.2,,,239.9,,35.8,,77.6,,153.4,53.2,,29.3,,,9.5,25.1,240.1,98.6,56,53.3,37.6,4863.7,,,99.9,34.8,2.1,100,,2197374,,71.1,
84,"Houston, TX",2014,123.2,486.6,,,,,,,,,,,507.4,257.5,,,,,,45460,,,29.3,,44.5,,,,,,,,,,23.6,,,,,54.4,,,9.8,25,216.9,97.7,57.1,51.8,38.3,4907.7,,,99.7,19.7,0.6,100,,2240796,,78.2,
85,"Houston, TX",2015,121.2,,,,,,,,,,,,,266.1,,,,,,48064,,,30.3,17.1,40.2,,,,,,,,8.9,,24.5,,,,,22.1,,,9.6,25.6,175.9,96.5,,50.7,38.9,5098.9,,,134.6,53.6,1.4,100,,2298628,,89.2,
86,"Houston, TX",2016,,,,,,,,,,,,,,,,,,,,47793,,,30.3,17.1,41.9,,,,,,,,8.3,,24.1,,,,,23.1,,,10.2,25.3,191.3,96.2,,50.3,39,,,,134.2,52.8,2.9,100,,2304388,,80.5,
87,"Houston, TX",2018,,,,,49,,,,,,,,,,,,,,,,,,,,,,,,,,,,,,,,,,,,,,,,,,,,,,,,,,,,,,37,,
88,"Indianapolis (Marion County), IN",2010,,972.3,4151,,,3172.3,,69.9,22.7,,82,1252.3,941.5,,,39,,,301.6,,6.7,,,,,,,,,,,,,,,,,,,,,,,,,,,,,,52,58.8,,,,,45.6,,,,
89,"Indianapolis (Marion County), IN",2011,,593.6,4583.6,,,6244.5,,100,25.2,,76.6,1926.1,881.2,,,56.1,,,319.4,,7.3,,,,,,,,,,,,,,,,,,,,,,,,,,,,,,34.6,47.4,,,,,50,,,,
90,"Indianapolis (Marion County), IN",2012,61.5,1032.4,4570.7,,,13595.4,,134,21.5,,90.3,2170.1,914.8,123.7,0,30,22.6,476.7,332.3,,5.9,,,,,,,,,,,33.3,,,,,,,,,44.4,48.4,,,,110.2,,,,3868.7,34.3,70.8,,6.4,,,52.7,,,,
91,"Indianapolis (Marion County), IN",2013,49.4,942.7,4514.2,,,6594.8,,95.5,18.7,,98.7,2255,895,127,0,76.3,24.3,475.1,300.9,,6.5,,,,,186.5,158.9,60.8,122.8,122.4,157.6,30.6,,,,,,,,,14.7,46.5,,,,111.6,,,,4004.4,22.5,63.3,,28.9,,,43.2,,,,
92,"Indianapolis (Marion County), IN",2014,54.5,949.1,4494.8,,,6688.2,,99.9,19.8,,106,2239.2,673.1,135.3,0,76.1,24.2,482.9,296.9,42557,5.4,,8.8,,41.9,258.2,167,53.5,117,,173,28.6,,,29.1,,,,,19.5,36.4,41.5,11.3,24.9,,118.5,,87.4,8.3,4156.8,42.6,51.4,106,42.8,,100,53.6,934243,,5.7,
93,"Indianapolis (Marion County), IN",2015,,895.3,4534.7,,,6180.3,,143.1,19.8,,95.7,2123.1,865.6,,,75.3,,,247.4,41226,,,8.5,18.1,36.1,134.2,151.1,59.4,87.3,181.8,188.1,,8,,28.2,,,,,18.8,,,11.5,25,112,120.4,,87.4,8.2,,19.1,81.7,106.8,,,100,31.1,939020,,,
94,"Indianapolis (Marion County), IN",2016,,886,5094.7,,,6817.7,,150.2,20.4,,122.3,2622.7,827.7,,0,88.8,,,255.8,44874,24.8,,9.5,16.4,52.8,,,,,,,,7.1,,28.3,,,,,17.2,,,11.8,24.9,76.7,96.2,,86,9.2,,35.8,78.2,105.7,,,100,39.7,941229,,,
95,"Indianapolis (Marion County), IN",2017,,,,,,7219,,,,,,3005.1,,,,,,,,,,,,,,,,,,,,,,,,,,,,,,,,,,,,,,,,92.1,,,,,,,,,
96,"Kansas City, MO",2010,82.5,1009.4,4647.5,591.4,,10343.6,0,138.3,87.1,323,130,3405.9,879.4,100.3,32.3,114,20.3,381.5,300.9,,65.1,26.2,,,,,,,,,,12.1,,,,,,,,,31.7,46.8,,,,,,,,5314.6,74.3,48,,,,,34.9,,,,
97,"Kansas City, MO",2011,88.4,987,4692.7,571.8,,10421,0,111.5,103.6,362.1,152.5,2998.5,807,85.9,26.8,133.2,19.2,381.3,293.2,,51.1,25.6,,,,,,,,,,12.7,,,,,,,,,35.4,42.8,,,,,,,,5479.8,47.6,41,,42.6,8.4,,45.6,,,68.9,
98,"Kansas City, MO",2012,95.6,1003.2,4779.6,656.2,,8929.6,0,121.1,88.6,282.5,132.3,3017.8,880,83.1,17.1,118,21.7,382.8,292.6,41877,54.3,24.6,6.6,41,33.3,,,,,,,11,34.6,,88.7,,,,,29.9,32.5,38.7,11.6,24.4,152.3,115,77.1,89.2,5.8,5620.9,52.8,67.2,99.7,47.2,5.2,100,47.8,464346,,74,
99,"Kansas City, MO",2013,84.2,983.5,4893.3,570.6,,8751.4,0,155.7,60.6,232.7,119.4,2636.5,854.9,55.3,22,117.9,19,384.5,308.5,45551,42.1,23.6,8.4,40.2,40.8,,,,,,,9.4,28,,88.6,,,,,27,34.1,28.7,12,23,163.1,125.2,50.7,87.5,7.8,5740.8,85,161.5,99.2,30.9,5.1,100,56.6,467082,,33.7,
100,"Kansas City, MO",2014,75,1021.4,5049.2,626.2,,9258.7,0,133.4,97.5,222.7,97.3,2503.7,940.4,73.9,17.9,92.4,20.7,382.6,305.4,44173,47.2,31.7,7.1,,38.9,67.5,34.7,14.7,22.3,,36.7,8.7,,,27.8,,,,,46.3,36.1,31.6,12,23.5,150,126.8,36.4,88.1,6.7,5863.1,82.1,244.2,99.7,38,5.1,100,47.6,470816,,23.9,
101,"Kansas City, MO",2015,47.3,975.3,5306.2,635.4,,9822.5,0,108,77.3,336.8,158.8,2789.4,994.6,56.7,10.1,132.1,17.5,381.4,280.3,50259,59.2,34.5,8,,45.7,81.8,31.1,22.3,23.2,,49.7,9.6,6,,26.9,,,,,16.8,34.4,30.3,12.3,23.3,115,125.1,,88.6,6.8,5968.4,80.9,179,105.1,11.7,1.5,100,62.6,475361,,9.3,
102,"Kansas City, MO",2016,52.2,909.7,4993.7,,,10768.9,381.4,138.1,65.9,,169,4058.3,983,105.1,12.6,134.9,21.9,382.8,263.5,51235,58.5,26.4,8,14.6,41.1,75.7,31.6,25.4,20.7,,38.3,,5.9,,26.6,,,,,18,39,27.1,12.4,23.3,107.5,103.4,,87.4,6.5,6106.9,46.9,209,106.7,,,100,75.6,481360,,,
103,"Kansas City, MO",2018,,,,,40,,,,,,,,,,,,,,,,,,,,,,,,,,,,,,,,,,,,,,,,,,,,,,,,,,,,,,29,,34
104,"Las Vegas (Clark County), NV",2010,122.7,1133.5,5229,941.7,,1261,,79.5,118.5,9.6,79.2,269.8,1298.5,151.3,22.8,52.1,25.1,646.1,284.4,,59.9,69.4,,,,,,,,,,,,,,81,,,148.4,,39.9,37.1,,,,,,,,2884.6,149.2,14.3,,20.8,1.8,,111.4,,,14.3,
105,"Las Vegas (Clark County), NV",2011,85.2,1218.4,5509.5,973.1,,1357.8,,86.6,133.3,9.4,79.9,283.4,1359.5,162.6,30.9,34.3,22.9,642.3,351.8,,55.7,75.5,,,,559.9,212.8,138.2,164.4,520.8,205.9,,,,,,,,,,45.7,42.2,,,,,,,,2970.8,146.4,6.6,,18.4,3.7,,98.7,,,45.4,
106,"Las Vegas (Clark County), NV",2012,78,1205.8,5684.7,1086.6,,1321.3,,126.8,110.6,10.5,91.2,301.9,1425,135.6,31.2,42.3,22.5,642.2,332,,64,74.2,,40.3,29,404.9,216.8,111.9,137.2,620.7,209.5,4.8,,,,,,,,32.9,46.8,39.4,12.3,24.5,231.2,88,120.9,65.8,23.7,3577.1,170.1,6.8,99.1,21.2,3,100,117.2,2000759,,36.8,
107,"Las Vegas (Clark County), NV",2013,96.8,1267.4,5851,1174.6,,1434,,105.2,130.3,8.4,81.5,348,1586.5,152.2,15.2,37,24.2,637.1,327.5,52873,64.4,58.5,21.8,39.3,31.8,502.7,207.6,103.8,180,600.5,206.2,3.2,22,,83.9,59,86,40.4,141.3,31,37.9,34.3,12.8,24.1,220.5,108.9,125.6,65.4,23.3,3638.5,156.8,19.4,99.1,42.6,2.1,100,83.5,2027868,,34.8,
108,"Las Vegas (Clark County), NV",2014,50.3,1290.6,5971.5,1651.8,,1560.1,,79,124.7,10.5,99,424.4,1645.9,161.2,19,58.8,21.6,634.1,345,51214,67.2,52.6,22.2,,32.9,568.4,225.8,116.5,138.4,610.7,247.2,2.2,,,29.6,,,,,54.1,37.5,30.3,13.3,23.8,156.5,112.3,95.2,65.4,23.7,3750.1,229.8,29.7,99.2,18.4,1.3,100,119.2,2069681,,41.2,
109,"Las Vegas (Clark County), NV",2015,64.1,1114.8,5637.3,1552.4,,1550.9,,99,110.3,12.6,88.5,458.1,1582.2,198.8,16.7,49.6,23.4,641.1,279.7,51552,82.1,38.2,22.2,,33.1,541,201.6,115.6,147.1,604.1,225.6,,,,29.1,70.1,81.2,34.9,141.2,22.9,46.2,22.8,13.7,23.6,94,117.2,,65.9,23.5,3773.4,193.9,25.6,119.5,27.6,3.3,100,99.9,2114801,,37.5,
110,"Las Vegas (Clark County), NV",2016,105.9,,,,,1770.5,33.6,,,,,564,,207.7,,,,,,54384,,,22.8,13.4,38,,,,,,,,4.7,,30.4,,,,,24.8,,,14.1,23.5,110.6,118.6,,65.3,24.2,4090.9,,52.1,119.7,21.5,5.2,100,,2155664,,16.2,
111,"Long Beach, CA",2010,,,,,,,,,,,,,,,,,20.9,,,,,,,,,,,,,,,,,,,,,,,,8.4,47.2,,,,,,,,,,,,,,,,,,,
112,"Long Beach, CA",2011,105.7,1195.9,5314.1,,,,,136,72.2,,49.7,,1277.7,183.9,127.9,37.6,21.2,571.8,245.6,,31.6,,,,,44.9,,22.8,17.7,33.7,,,,48.1,,,,,,,7,55.8,,,,,,,,3903.8,116.8,,,33,0,,50,,,53.7,
113,"Long Beach, CA",2012,172,1190.1,4618.7,,,4775.8,,140.3,80.9,,27.6,979.7,1256.7,182.2,75.1,40.8,14.5,488.7,212.5,,38.8,,,,57.6,,,,,,,,,,,,,,,40.6,7.5,46.9,9.8,24.6,175.5,104.6,78.6,55.9,32.4,4037,86.2,,99.2,71.2,0,100,41.1,467888,,61.7,
114,"Long Beach, CA",2013,66.3,1021.6,4425.3,,,3957.9,,126.8,67.9,,90.4,929.3,1228.8,117.8,114.7,53.8,,,193,,25.7,,,,41.5,,,,,,,,,,,,,,,37.8,,,10.4,24.6,167.9,99.2,98.3,54.5,33.6,4129.9,91.3,,98.9,67.7,2.4,100,55.9,469384,,70.8,
115,"Long Beach, CA",2014,51,1111,4748.5,,,3910.4,,136.3,96.7,,66.7,1308.4,1269.2,123.1,78.3,41.1,,,189,54511,29.5,,27.2,,51.9,,,,,,,,,,19.4,,,,,67.7,,,10,24.4,116.3,99.5,75.3,53.4,33.5,4216.3,59.8,,98.8,66.6,1.2,100,48.8,473605,,46.4,
116,"Long Beach, CA",2015,,,,,,6081.2,,,,,,2499.5,,,,,,,,54971,,,26.9,16.8,55.8,59,26.2,18.7,15.5,32.1,42.1,,6.7,,20.1,,,,,34.9,,,11.2,23.4,74.2,101.5,,52,36.6,,,,130.1,,,100,,474172,,,
117,"Long Beach, CA",2016,,,,,,8154.9,,,,,,3866.7,,,,,,,,60075,,,26.2,16.8,48,,,,,,,,6.5,,18.9,,,,,29.3,,,10.5,23.4,62.6,84.3,,53,35.3,,,,126.1,,,100,,470140,,,
118,"Long Beach, CA",2018,,,,,66,,,,,,,,,,,,,,,,,,,,,,,,,,,,,,,,,,,,,,,,,,,,,,,,,,,,,,51,,70
119,"Los Angeles, CA",2010,130.3,728.1,,,,4081,4,108.4,76,,57.6,1239,874.2,254.2,23,59,33.4,,156.3,,32.5,,,,,,,,,,,,,,,98.8,,,153.7,,59.7,56.4,,,,,,,,5047.9,115.1,283,,,,,31.4,,,,
120,"Los Angeles, CA",2011,100.7,695.8,3357.7,,,3988,16,127.6,78.6,,46.2,1206,841,219.9,20.1,42.5,39,571.2,141.7,,25.7,,,,,429.2,125.9,109.9,99.2,203,253,,,318.7,,71.6,51.4,,143.6,,66.1,49.8,,,,,,,,5206.5,117.6,330,,,,,23.1,,,,
121,"Los Angeles, CA",2012,111.5,668.7,3133.2,352.5,,3991,9,122.4,67.9,23.2,42,1382,765.4,227.5,17.3,51.5,27.8,,131.9,46803,26.7,10.3,38.6,46.4,54.5,,,,,,,7.5,34.8,,76.3,,,,,46.2,51.5,48.3,11,22.5,220.9,100.9,99.2,39.5,42.8,5402.1,109,390,99.5,75,6.8,100,24.7,3857786,,60.9,
122,"Los Angeles, CA",2013,90.9,,,342.3,,4110,8,,,19,,1516,,196.6,,,15.8,,,48466,,12.6,38.3,46.8,54.2,,,,,,,6.7,34,,75.9,81.3,,32.9,174.5,44.2,69.7,41,11,22,226,101,102.6,39.8,43.4,5589.7,,431,99.5,66.3,5.8,100,,3884340,,64.5,
123,"Los Angeles, CA",2014,74.2,,,355,,4476,44,,,19.8,,1814,,227.2,,,30.2,,,50544,,12,38.1,,55.6,,,,,,,4.7,,,20.4,,,,,84.5,48.2,25,11.6,21.8,155.1,102.2,85.2,39.8,42.9,5725.4,,446,99.5,89.9,5.1,100,,3928827,,58.2,
124,"Los Angeles, CA",2015,61.5,,,,,4341,20,,,,,2021,,227.7,,,30.7,,,52024,,,37.4,18.4,56.6,,,,,,,,6.4,,21,,,,,40.2,50.9,22.2,11.5,21.5,89.9,102.9,,40.1,42.8,5769.3,,549,125.9,,,100,,3971896,,,
125,"Los Angeles, CA",2016,,,,,,3694,58,,,,,2298,,,,,,,,54432,,,37.7,17.5,56.2,,,,,,,,6,,20.3,,,,,38.6,,,12.1,20.8,101.1,109.8,,40,43,,,646,125.7,,,100,,3976324,,,
126,"Los Angeles, CA",2018,,,,,56,,,,,,,,,,,,,,,,,,,,,,,,,,,,,,,,,,,,,,,,,,,,,,,,,,,,,,51,,67
127,"Miami (Miami-Dade County), FL",2010,185.1,895.1,,,,2445,15.8,154.4,87.1,,67.6,744.6,1077.6,341.8,81.8,60.2,15.3,,204.3,,50.2,,,,,381.4,182.3,60.3,64.2,,,,,,,,,,,,46.4,34,,,,,,,,6542.8,49.5,99.6,,111.5,1.8,,51.1,,,25.2,
128,"Miami (Miami-Dade County), FL",2011,200.7,877.5,,,,2188.2,25.3,133.2,87,,75.3,642.4,983.8,341.4,58.4,64,23.9,,185.6,,62.1,,,,,,,,,,,,,,,68.3,110.9,68.5,223.6,,30.8,22.9,,,,,,,,6755.9,61.3,87.1,,136.9,1.8,,47.2,,,41.2,
129,"Miami (Miami-Dade County), FL",2012,139.4,878,3984.2,401.8,,1987.3,16.3,127.4,85.9,11.7,78.1,574.6,1025.7,302.1,64.9,66.3,22.4,,184.8,,57.7,16.9,,59.6,58.6,,,,,,,75.7,,,,,,,,43.4,46,18.9,14.5,21.1,258,110,86.4,28.3,62.8,6989.8,52.8,85.6,99.7,138.4,1.2,100,41.5,2591035,,29.3,
130,"Miami (Miami-Dade County), FL",2013,184,848,3815.3,371.2,,2132.5,28.7,136.6,77.9,10.6,76.3,561.8,1008.3,354.9,63.8,64.8,21.1,80,185.2,43100,50.5,14.7,51.3,56.1,58.9,238.2,139,106,85.8,,156.2,41.9,26.6,,78.8,55.2,113.3,43.7,242.7,42,43.9,23,14.9,20.8,255.7,107.8,66,28.4,63.4,7211.2,51.3,98.5,99.7,116.6,1.5,100,44.8,2617176,,35.5,
131,"Miami (Miami-Dade County), FL",2014,140.4,851.4,,376,,2617.7,43.4,148.3,91.7,5.6,76.3,624.1,979.1,362,53.7,64.8,18.8,,177.8,42926,57.1,16.1,51.6,,61.1,,,,,,,24.8,,,28.3,,,,,80.1,36.7,19,15.2,20.6,171.7,111,65.1,27.7,64,7522.1,49.2,101.6,99.9,147,2.2,100,53.6,2662874,,30.6,
132,"Miami (Miami-Dade County), FL",2015,,,,,,2798.8,24.5,,,,,660.7,,,,,,,,43786,,,52.7,16.9,60.9,,,,,,,,5.6,,28.7,,91.8,,,38.4,,,15.6,20.5,139,115.2,,25.2,65.7,,,109.3,163.8,,,100,,2693117,,,
133,"Miami (Miami-Dade County), FL",2016,,,,,,2715,60.8,,,,,723.9,,,,,,,,45935,,,53.8,15.4,60.2,,,,,,,,5.1,,28.2,,,,,35.5,,,16,20.4,158.1,101.8,,25.6,65.9,,,119.1,163,,,100,,2712945,,,
134,"Minneapolis, MN",2010,,2071.7,7121.3,,,,,265.3,261.8,,55.3,,893.6,,51.5,49.9,51,,663.4,,124.1,,,,,,,,,,,,,,,,,,,,58,79.9,,,,,,,,,70.4,,,,,,38.6,,,,
135,"Minneapolis, MN",2011,,1377.2,6416.3,,,,,151.7,100.2,,63.5,,909.4,,52.2,96.4,37.2,,400.1,,29.8,72.5,,,,74.9,20.9,8.1,17.3,57.7,,,,,,,,,,,52.9,64.4,,,,,,,,,80.7,,,,,,51,,,,
136,"Minneapolis, MN",2012,124.2,1532.5,6828.1,271.8,,,,430.6,40.6,3.6,56.5,,1018.6,162.5,12,42.5,29.4,,367.6,47604,97.3,47,14.5,41.8,45.6,73.4,21.7,7.2,16.4,,,,33,,88,,,,,31,43.5,70.5,8.1,20.7,140.8,105.8,72.2,79.5,8.6,6551.1,96.5,,99.9,,,100,88.5,392871,,97,
137,"Minneapolis, MN",2013,95.4,1443.6,7462.4,255.9,,,,426,120.2,6.9,68.7,,1111.1,135.1,47.5,75.8,42.9,,226.1,50563,57.9,97.6,16.1,40.9,48.2,,,,,,,,,,89.8,,,,,29.3,62.4,58.1,8.8,19.6,130.4,107.6,55.3,80,7.5,6708.3,138.2,,99.7,,,100,69.9,400079,,71.7,
138,"Minneapolis, MN",2014,55.3,1648.1,7110.7,278.7,,,,363.7,189.5,6.6,70.2,,1006.5,153.2,58.1,41.8,44,,328.8,50791,16.5,77.7,15.2,,49.4,,,,,,,,,,17.7,,,,,49.3,59.7,52,8.3,20.3,90.3,109.8,56.4,77.9,,6995.6,69.1,,99.8,,,100,73.7,407181,,61.8,
139,"Minneapolis, MN",2015,,1560.5,7592.7,,,,,346.1,24.9,,100.9,,1100.7,,50.5,71.8,69.6,,318,54571,26.9,79.1,17.2,18.1,57.6,,,,,,,,5.4,,16.2,,,,,20.2,,,9.2,19.9,82.1,114.4,,76.8,8.5,,108.1,,105,,,100,126.9,410935,,,
140,"Minneapolis, MN",2016,,1618.8,7869.3,,,,,442.6,10.2,,122,,1269.7,,15.6,111.8,62,,401.7,56255,81,200.4,15.4,19.5,52.8,,,,,,,,5.4,,16.7,,,,,19.3,,,9.3,19.7,69.5,122.9,,78.6,7.4,,181.3,,104,,,100,93.3,413645,,,
141,"Minneapolis, MN",2018,,,,,81,,,,,,,,,,,,,,,,,,,,,,,,,,,,,,,,,,,,,,,,,,,,,,,,,,,,,,58,,69
142,"New York City, NY",2010,,,,,,3629.3,62.9,,,,,784.8,,,,,,482.8,,,,,,,,394.2,,,,,,,,,,,,,,,,,,,,,,,,,,76.7,,47,3,,,,,69.7,
143,"New York City, NY",2011,198.2,1078.4,4160,,,3709.8,52.6,150.1,103.2,,29.9,897.7,1283.9,281.6,60.5,45.4,23.7,482.5,230.5,,24.3,,,,,,169,151.5,121.5,,307.7,,,,,81.5,107.7,71.6,165.3,,44.7,30.5,,,,,,,,10885.7,197.1,70.7,,26.6,3.2,,30.8,,,67.1,
144,"New York City, NY",2012,197.9,1057.1,4060,383.9,,3560.7,26,150.7,101.2,2.6,25.6,888.6,1246.5,268.6,47.7,23.5,24.4,483.6,230.3,50895,22,,37.6,41.3,59.5,394.4,188.4,151.3,122.9,,273.7,2.5,31.7,35.1,80.3,,,,,40,52.2,27.9,12.5,21.4,130.1,108.2,110.5,50.8,24.6,10949.9,173.9,77.4,99.1,41.8,3.1,100,34.3,8336697,,54.5,
145,"New York City, NY",2013,152.9,1025,4020,375.3,,3249.6,32.2,150,96.6,2.2,20,837.6,1221,297.7,44,28,15.1,483.5,224,52223,25.7,,37,40.5,60.2,219.5,180.6,145.4,129.7,528.1,323.4,2.2,29.2,40,80.9,92.8,82,68.7,115.3,39,54.7,24.6,12.8,21.2,116.4,96.9,83,51,24.7,11060,185.6,90,99.1,,,100,37.6,8405837,,,
146,"New York City, NY",2014,,1007.5,3910,371.5,,3466.8,122.5,141.3,99.2,2.2,20.4,919.7,1178.5,,39.1,29.8,17.6,484.7,172.4,52996,21.9,,37.2,,60.9,243.5,189.9,124.5,113.7,557.7,336.3,2.1,,40.8,24.2,,,,,78.6,,22.1,12.9,21.2,130.3,106.1,74.5,51,24.5,,164.5,85.9,99.2,,,100,37.1,8491079,,45.6,
147,"New York City, NY",2015,,985.5,3930,,,3642,53.4,143.9,93.7,,23.4,1095.4,1207.5,,28.6,29.8,22.2,484.3,202.1,55752,20.3,,37.6,17.6,61.4,326.6,162.8,138.4,120,,351.2,,6,123.3,23.9,93.1,69,50.1,165.8,38,30.8,19.8,13.2,21.1,77.5,107.5,,50.6,24.6,,153.9,111.3,113.1,21.3,3.6,100,42.5,8550405,,56,
148,"New York City, NY",2016,,,,,,,,,,,,,,,,,,,,58856,,,37.5,16.5,63.6,,,,,,,,5.6,117.2,24.2,,,,,36.5,,,13.5,21.1,72.9,114.4,,50.8,24.3,,,,113.7,,,100,,8537673,,,
149,"New York City, NY",2018,,,,,65,,,,,,,,,,,,,,,,,,,,,,,,,,,,,,,,,,,,,,,,,,,,,,,,,,,,,,85,,89
150,"Oakland (Alameda County), CA",2010,66.8,1158.2,4900.1,,,,,136.9,165.2,,111.6,,970.8,192.5,18.8,106.2,25.6,565.2,219.8,,14.9,4.9,,,,,,,,,,1.8,,,,,,,,,43.9,147.6,,,,,,,,5656.7,103.5,,,117.5,4.3,,32.7,,,92,
151,"Oakland (Alameda County), CA",2011,151.1,1309.9,,,,,,189.4,100.9,,134.3,,1013.9,132,11.7,124.4,30.5,,244.6,,37.9,6.3,,,,,125.4,193.8,65.5,200,268.7,2.1,,,,,,,,,37.8,126.4,,,,,,,,6384.8,103.2,,,114.5,15,,51,,,64.8,
152,"Oakland (Alameda County), CA",2012,92.4,1535.5,6242,672,,,,258.7,92.4,36.1,137.7,,1182.4,134.2,27.2,144.4,28.7,549,249,48196,32.4,4.5,27.1,42.6,62.2,,164.3,137.3,71.2,38.1,,2.4,32.7,,81,,,8.6,,39.7,39,107.1,11.3,,169.2,95.8,104.2,59.1,23.4,6422.2,97,,99.2,98.9,11.3,100,36.5,400740,,69.5,
153,"Oakland (Alameda County), CA",2013,61.4,1227.2,5153.9,695.1,,,,177.4,128.1,43.6,125.6,,951.4,125.9,20.4,88.5,24.1,561.8,204.6,54394,22.8,5.8,25.9,41.5,58,,164.7,177,86.4,,,2.1,24.6,,81.3,,100.2,5.5,,36.7,35.3,95.8,11.7,20.5,168.4,95.5,87.6,61.2,21,6456,94.9,,99.2,103.5,13.9,100,73.5,406228,,55.5,
154,"Oakland (Alameda County), CA",2014,33.2,1081.3,6084.2,692,,,,178.4,78.7,36.7,,,918,161,17.7,105.9,21.5,565.9,246.7,56188,14.1,6.9,28.6,,54.4,,80,130.3,47.4,39.2,98.2,2.1,,,15.7,,,,,69.3,36,83.5,11.9,21.1,98.5,98.3,61.6,57.9,23.4,6145.9,105.7,,98.8,51.6,17,100,53.2,413782,,52.5,
155,"Oakland (Alameda County), CA",2015,43.4,1109.8,5147.4,,,,,145.2,139.1,,111.6,,883.6,232.2,18.3,112.8,,561.6,205.2,58807,65,11.8,27.2,18.4,49.5,,44.7,240.9,11.4,,67.7,,5.8,,16.4,,,,,32.9,35.5,,11.7,20.3,67.3,101.4,,59.7,22.3,6198.5,82.8,,111.2,58.9,27.1,100,56,419278,,56.3,
156,"Oakland (Alameda County), CA",2016,46.8,1178.5,5126.2,,,3209.4,25.5,162.8,134.2,,119.3,1303.4,1069.1,227.1,20.8,103.3,,563.2,182.6,68060,40.8,8.3,27.9,15.6,61,,26.9,,,,,,6,,15.9,,,,,28.9,39.7,,12.7,19.7,56,95.6,,58.2,21.8,6293.2,72.8,76.1,109.1,,,100,50.1,419987,,54.9,
157,"Philadelphia, PA",2010,263.1,1284.9,5695.3,,,7671.6,4.2,142.9,27.1,,96.5,2477.4,1682.7,,42.1,112.5,32.3,151.7,326.9,,38,,,,,,197,93.1,157.2,,,32.1,,,,,,,,,50,57,,,,,,,,356.3,61,93.6,,97.4,1.8,,50.6,,,64.8,
158,"Philadelphia, PA",2011,182.9,1371.8,5822.2,,,6834.1,17.4,183.3,30.5,,113.4,2253.6,1177.4,171.7,29.3,114.5,35.5,150.8,354.2,,42.1,,,,,,189,158,128,224,,23.1,,,,107.8,115.7,52.6,129.6,,27,51.8,,,,,,,,10253.5,76.1,69.9,,71.5,1.6,,120.4,,,78,
159,"Philadelphia, PA",2012,181.7,1317.3,5542.8,,,6868,22.8,138.7,25.8,,129,2438.6,1255.9,196.8,26.7,119.7,38.5,151.6,345.8,35386,33,,12,49.7,48.4,,181,111,124,,,22.8,37.8,314.3,81.9,,,,,33.8,47.5,48.2,12.2,22.5,138.2,163.3,125.3,78.3,10.2,9965.6,51.7,103.8,99.8,73,2.4,100,125.5,1547607,,61.8,
160,"Philadelphia, PA",2013,153.8,1345.4,5986.4,,,6575.4,4.5,162.7,26.6,,97.4,2170.4,1476.9,205.9,49.9,77.5,32.6,152.5,343.2,36836,43.6,,12.7,49.3,44.8,,173,111,125,200,,21.2,37.1,341.4,82.6,92.8,99.6,59.2,152.8,34.5,52.3,52.7,12.4,22.2,130.3,169.1,117.6,78,10.1,10230.8,97.8,109.4,99.8,70.9,1.2,100,54.8,1553165,,60.8,
161,"Philadelphia, PA",2014,113.2,1378.4,5859.8,,,6407.9,18.1,142.6,26.1,,96.3,2081.5,1451.5,271.1,44.7,58.5,29.5,152.6,359.2,39043,37.6,,13.1,,45.9,,162,113,114,,,20.7,,402.2,34.2,,,,,65.6,48.2,48.5,12.5,22.2,121.5,167.7,94.3,77.4,10.7,10264.3,77.5,125.5,99.6,74.8,2,100,57.6,1560297,,60.9,
162,"Philadelphia, PA",2015,81.5,1252.8,5787.7,,,7019.9,18.2,130.2,24.4,,113.9,2267.9,1388.5,215.7,21.7,110.9,31,,304.5,41233,30.7,,13.1,23,,,139,103,110,249,,18.4,8.6,420.6,32.8,88.8,77.1,50.1,130.6,28.3,40.1,43.1,12.7,22.1,78.2,171.2,,77.7,9.9,10323.5,87.9,126.7,108.2,75.2,3.1,100,46.8,1567442,,53.9,
163,"Philadelphia, PA",2016,85.1,1279.4,5898.4,,,7431.4,,132.7,23.8,,55,2602.9,1325.2,215.3,22.4,100.6,,,309.6,41449,45.1,,14.8,23.4,51.4,,143,131,111,,,18.1,8.3,418.1,31.7,,,,,27.8,60.1,37.7,12.9,22.1,95.1,168.6,,76.7,10.5,10097.5,91.6,172.9,107.4,70.1,9.7,100,52.2,1567872,,55.2,
164,"Philadelphia, PA",2018,,,,,68,,,,,,,,,,,,,,,,,,,,,,,,,,,,,,,,,,,,,,,,,,,,,,,,,,,,,,67,,79
165,"Phoenix, AZ",2010,34.4,646.5,,,,6807.2,40.5,135.5,69.7,,,1036,635.2,67.5,36.5,,49.2,,158.9,,,,,,,,,,,,,,,,,,,,,,58.8,71.5,,,,,,,,2287.7,,41.4,,,,,,,,66.9,
166,"Phoenix, AZ",2011,28.1,663.1,,504.1,,7450,29.5,174.8,62.7,4.2,,1506.5,689.1,85.3,27.2,,54.1,,166.6,,,20.6,,,,431.9,132.5,,,256.3,157.5,,,,,,,,,,65.2,68.9,,,,,,,,2431.8,,47.9,,,,,,,,46.5,
167,"Phoenix, AZ",2012,24.8,758.4,3600.4,589.5,,7594.2,23.9,175.9,79.7,3.4,96.3,1779.1,716.1,75.9,32.1,67.3,51.6,,187,44153,64.2,22.6,20.5,47.4,30.9,246.4,169,95.2,161.3,,94.3,,38,13,80.2,,,,,,55.1,64.3,9.2,27.1,201.7,89.9,101.7,62,31.8,2533.8,178.6,45.3,99.6,95.3,14.2,100,79.6,1488759,,71.3,
168,"Phoenix, AZ",2013,32.7,744.2,3674.5,525.5,,8057.1,9.2,169.4,75.7,4.6,94.4,1959.2,713.6,103.6,30,53.6,12.1,80,187.5,46601,54.6,18.5,19.8,46.5,29.6,212,160.4,78.5,149.7,294.7,101.9,,35.7,10.1,80.6,,,,,27.9,47.7,55.7,9.1,26.7,221.8,92,71.7,63.6,30.4,2643.8,190.9,49.7,99.8,88.5,10.7,100,92,1513350,,40,
169,"Phoenix, AZ",2014,26.9,,,564.5,,9165.9,27.5,,,3.7,113.6,2415.1,,138,29.5,62.2,,,,47929,76.3,22.5,20.3,,28.2,0.4,,,157.8,,10.6,,,10.9,24.9,,,,,48.9,,,9.8,26.9,160.9,92.5,87.4,62.8,30.6,2852.6,214.5,106,99.6,87.4,4.7,100,89.9,1537045,,46.2,
170,"Phoenix, AZ",2015,30.1,,,,,9250.3,40.5,,,,,2574.2,,130.5,33.3,,,,,48452,,,19.2,19.9,32.9,,,,,,,,8.5,,25.7,,,,,22.8,,,10.4,26.3,112.4,96.4,,62.4,31.4,3005.7,,121,130.2,,,100,,1563001,,39.5,
171,"Phoenix, AZ",2016,35.9,,,,,10494,40.5,,,,,3333,,138.3,35.6,,,,,52062,,,19.9,17.2,35.3,,,,,,,,8.2,,25.2,,,,,22.3,,,10.4,27,114.7,104.4,,61.9,31.7,3046.2,,140.9,127.8,,,100,,1615041,,,
172,"Phoenix, AZ",2017,,,,,,12311.5,51.7,,,,,3881.4,,,,,,,,,,,,,,,,,,,,,,,,,,,,,,,,,,,,,,,,150.1,,,,,,,,,
173,"Phoenix, AZ",2018,,,,,54,,,,,,,,,,,,,,,,,,,,,,,,,,,,,,,,,,,,,,,,,,,,,,,,,,,,,,36,,41
174,"Portland (Multnomah County), OR",2011,37.4,1112.2,5276,,,,,102.7,44.7,,28.1,,810.5,77.6,,3.2,13.6,647,265.3,,15.5,,,,,,,,,,,,,,,,,,,,36.9,53.4,,,,,,,,3384.4,47.3,,,,4.9,,59.3,,,33.8,
175,"Portland (Multnomah County), OR",2012,43.1,1096.9,5559.7,,,3386.5,,148.6,35.5,,21.7,926.1,934.9,139.4,2.8,3.2,20.6,640.9,210.2,,23.7,39.5,,,,,,,,,,0.6,,,,,,,,,30,38.9,,,,110.2,,,,3440.7,23.5,53.3,,,23.1,,67,,,4,
176,"Portland (Multnomah County), OR",2013,47.2,1208.4,5802.6,,,3774.1,,162.8,37.8,,34.5,862.7,808.9,100.8,7.2,2.9,18.7,630.6,173,,31,40.8,,,,,,,,,,0.9,,,,,,,,,37.8,40.5,,,,106.6,,,,3467.1,45.1,63.8,,,16.8,,68.6,,,14.1,
177,"Portland (Multnomah County), OR",2014,27.3,1047.9,5512.8,,,3611.2,,146.7,39.4,,37.7,1008.3,894.9,116.2,,12.1,22.7,642.1,144,53660,18.2,37.8,14.2,,,229.5,67.5,58.2,51.1,,120.1,1.1,,,18.6,,,,,25.5,35.8,42.4,,19.8,,128.2,,79.2,8.4,3528.2,37.6,51.7,106.7,,2.4,100,73.6,776712,,8,
178,"Portland (Multnomah County), OR",2015,2418.9,1080.2,5552.9,,,4335.1,,185.6,40.8,33.7,,1744.8,838.5,54.5,6.8,10.2,,645.2,158.7,59231,22.4,25.9,13.8,16.3,54,233.5,66.9,59.2,50.2,181.8,129.8,0.9,3.5,,18.1,41.4,44.8,21,63.5,25.1,29.9,43.6,12.2,19.6,58.1,132.5,,80.9,8.2,607.4,49.8,59.8,108.8,,3.1,100,61.6,790294,,28.6,
179,"Portland (Multnomah County), OR",2016,10.2,1019.8,5440.2,,,4516.1,,93.3,38.4,,,2079.1,1100.9,51.7,,,8.7,646.8,239.9,62629,,13.2,13.6,13.7,54.4,,,,,,,0.7,3.8,,17.6,,,,,20.7,36.8,24.6,12.6,19.3,75.4,136.3,,80.4,8,3537.3,40.7,60.6,108.8,67.9,12.1,100,58.4,799766,,25.7,
180,"San Antonio, TX",2010,11,1049.3,5455.4,,,6220,181.3,165.2,78.2,,64.3,2211,2316.1,118,12.4,25.4,32.7,156.8,167.8,,47.8,15.6,,,,,194.2,179.1,96.4,,,82.6,,,,,,,,,38.3,51.6,,,,,,,,1873.1,259.7,63.3,,79.9,0.4,,47,,,42.1,
181,"San Antonio, TX",2011,100.3,975.1,5109,,,6946.6,50.4,84.3,94,,46.5,1899.1,985.5,157.7,23,37.7,18.6,,228,,42,59.9,,,,344.4,202.3,172,95,283.1,225.8,60.8,,,,,,,,,50,46,,,,,,,,1834.8,71.7,79.6,,77.6,2.3,,37.7,,,53,
182,"San Antonio, TX",2012,87.5,954.1,4397.2,,,5693.3,266.7,163.5,93.8,,60.3,1926.9,964.8,157.8,19.7,36.6,26.7,,224,45524,39.8,63.5,14.3,43.4,36.3,298.3,145.5,107.2,91.1,47,183.6,,34.2,,81.2,,,,,26.8,35,41,11.2,26.1,184.5,136,72,55,41.3,1946.5,61.1,351.2,99.7,31.5,2.8,100,51.1,1383194,,40.1,
183,"San Antonio, TX",2013,82,949.8,4248.9,,,6920.1,222.1,147.4,94.6,,62.7,1999.7,1070.2,171.3,20.1,39.1,30.4,473,209.7,45399,57.5,61.7,14.2,44.3,41.2,374.4,169.3,107.8,70,266,167.9,,30,,82.5,65.9,19.4,59,149.8,26.4,51,38,,25.6,184.4,121.7,69,55.5,40.6,2065.9,63.8,315.3,99.7,57.4,4.9,100,40.3,1409000,,39.1,
184,"San Antonio, TX",2014,36.9,1023.2,4913.7,,,6666.2,158.9,182.5,111.5,,51.6,1840.3,2513.4,114.6,12.9,33.8,21.5,157.2,160.7,45339,53.1,58.4,14.1,,36.1,361,195.5,99.4,89.7,,236.1,,8.1,,26.2,,,,,50.4,50.1,33.4,11.6,25.7,121.6,137.8,58.2,55.8,40.7,2091,268.7,89.5,99.9,150.2,0.4,100,50,1436723,,45,
185,"San Antonio, TX",2015,52.6,973.8,4935.3,,,5928.2,127.9,151.3,74.8,,68.8,2019.1,2481.8,138.1,11.2,44.3,32.4,,145.1,48869,78.4,8.6,14.2,15.3,47,301.6,176.8,63.7,,228.3,241.8,,6.7,,27.7,,,,,20.2,46.5,29.9,11.6,,122.1,139.7,,56,40.1,2146.9,269.7,73.7,159.3,88.8,1.5,100,58.9,1469824,,34.2,
186,"San Antonio, TX",2016,,,,,,4475.6,77.1,,,,,1588.9,,,,,,,,49268,,,14.7,16.4,50.7,,,,,,,,6.7,,27.7,,,,,20.5,,,11.9,25.3,150.3,160.8,,56.2,39.8,,,31.1,156.8,,,100,,1492494,,,
187,"San Antonio, TX",2018,,,,,42,,,,,,,,,,,,,,,,,,,,,,,,,,,,,,,,,,,,,,,,,,,,,,,,,,,,,,36,,38
188,"San Diego County, CA",2010,78.6,1241.9,5134.3,,,3089,79.4,179.7,73.9,,29.2,450,1044.9,169.1,8,9.5,36,572.9,248.4,,46.8,23.4,,,,62.8,26.1,17.7,13,,,11.2,,,,,,,,,44.4,39.1,,,,,,,,3269.2,47.3,82.9,,102.2,6,,59.5,,,54.6,
189,"San Diego County, CA",2011,56.1,1226.9,5223.8,312.3,,2975.1,,164.2,72.1,1.7,55.4,467.2,1275.3,139.5,7.3,26.9,33.1,575.7,248,,43.9,28.1,,,,71.2,123.5,18.9,,,211.4,8.5,,255.7,,53.9,96.1,45.2,,,28.2,34.3,,,,,,,,3364.7,60,79.3,,72.1,5.9,,63.1,,,76.2,
190,"San Diego County, CA",2012,66.9,1279,5090.1,347.7,,2877.1,,161.6,98.1,3,55.8,512.5,1227.7,120,6.4,32.6,34,576.2,238,,38.5,25.9,,,49.4,245.9,116.1,79.7,,101.6,248.6,6.2,,277.5,,,8.2,,,37.2,41.9,32,12,22.9,161.4,91.7,106.6,62.2,24.9,3433.9,54.2,90.3,99.4,72.8,8.4,100,67.7,3177063,,64.7,
191,"San Diego County, CA",2013,63.8,475.5,5091.9,344.1,,2883.6,,153.9,60.3,2.6,32,566.8,1233.4,123.6,6.8,22.2,39.9,579,235,67753,22,22.4,23.4,32.7,45.9,239.2,106.1,54.4,,278.4,178.8,5.1,18.7,,85.8,11.1,,,,35.2,56.3,28,12.3,22.6,166.7,91.3,105.4,62.3,24.8,3487.8,57.3,100.9,99.3,87.6,5.8,100,69.7,3211252,,48.6,
192,"San Diego County, CA",2014,26.3,446.4,4784.5,302.2,,2035.9,11.2,153.4,72.1,3.1,26.7,688.5,1098.9,123.3,3.7,10.8,13.8,577.1,212.8,66192,33,15.5,23.2,,50.4,234.9,116.4,74.4,,,303.9,4.5,4.3,263.4,20.7,,,,,66.2,30.3,20.6,12.7,22.3,119.6,92.2,77.4,63.1,24.2,3543.7,53.7,144.2,99.4,100.8,5.2,100,68.8,3263431,,59.4,
193,"San Diego County, CA",2015,47.2,445.1,4902.1,323.7,,2034,75.1,175.7,95.4,4.6,40.8,728.3,1076.8,116.6,5.6,22.1,20.7,576.2,195.5,67320,29.7,21,24.2,13.4,50.3,244.5,141.4,84.2,,360,304.6,4,3.9,197,20.7,,,,66.6,31.7,37.2,21.8,13.1,22.1,71,94.2,,61.9,25.2,3613.9,56.6,136.8,126.3,104.2,5.5,100,65.3,3299521,,48.2,
194,"San Diego County, CA",2016,47.2,978.8,4941.1,,,2211.8,,176.9,100.1,,43.1,983.6,1116.8,125.1,5.9,32.2,,,187.1,70824,42.6,20.4,24.1,11.7,52.7,,,,,,366.8,,3.6,256.7,20.3,,,,,31.2,,,13.4,22,72.5,101.5,,61.2,25.5,3584.3,58.2,154.1,128,81.6,9.7,100,70.6,3317749,,74.7,
195,"San Francisco, CA",2010,,1089.7,4424.3,,,,,107.5,98.4,,68,,1147.1,,62.6,74.7,,,252.8,,23,,,,,,,,38,,,,,,,,,,,,,,,,,,,,,,91.5,,,,,,64.8,,,,
196,"San Francisco, CA",2011,,,,,,,,,,,,,,,,,,,,,,,,,,,46.1,,38.2,,227.7,,,,,47.8,92.8,73.8,85.1,,,,,,,,,,,,,,,,,,,,,144.3,
197,"San Francisco, CA",2012,260.9,,,,,,,,,,,,,378.6,,,,,,73012,,,35.9,29.7,72.5,,28.1,,37.1,,200.1,,16.7,,87,,,,,34.1,51.1,25.6,14,13.4,97.2,126.9,78.1,54.9,11.6,15079.8,,,99.1,,,100,,825863,,221.7,
198,"San Francisco, CA",2013,201.1,1089,4403.3,,,,,125.9,92,,44.4,,995.2,398.7,55.2,45.6,,563.8,242.9,77485,28.2,,34.9,28.4,70.9,,42.5,,7.8,,,,18.6,,87.5,46.4,79.4,54.1,92.4,31.7,49,15.4,14.2,13.4,73.1,114.7,64.1,56,11.1,15252.2,91.3,,83.8,,,100,52.4,837442,,100.1,
199,"San Francisco, CA",2014,153.3,,,,,,,,,,,,30.4,311.4,,,,,,85070,,,34.4,,71.7,,12.1,,10.7,,295.3,,1.6,,13.2,,,,,63.3,45.5,18.2,14.4,13.4,85.9,124.1,64.5,56.5,10.8,15349.1,,,98.9,,,100,,852469,,,
200,"San Francisco, CA",2015,,,,,,,,,,,,,32.6,,,,,,,92094,,,34.4,12.3,69.7,,18.4,,,,208.1,,1.5,,13.2,77.7,73.1,41,111.8,30.3,,,14.6,13.4,39.8,121.5,,56.1,11,,,,107,,,100,,864816,,,
201,"San Francisco, CA",2016,,,,,,,,,,,,,,,,,,,,103801,,,35.1,9.9,67.3,,,,,,,,1.2,,12.8,,,,,30.4,,,14.9,13.6,32.4,141.7,,56.6,10.9,,,,106.5,,,100,,870887,,,
202,"San Francisco, CA",2018,,,,,75,,,,,,,,,,,,,,,,,,,,,,,,,,,,,,,,,,,,,,,,,,,,,,,,,,,,,,80,,86
203,"San Jose, CA",2010,,,,,,622.1,,,,,,72.4,,,,,,,,,,,,,,,,,,,,,,,,,,,,,,,,,,,,,,,,36,,,,,,,,,
204,"San Jose, CA",2011,,1169.3,,,,790.3,,264,16.8,,5.6,91.8,841.1,,,19,21.8,,192.7,,13.9,,,,,,,,,,,,,,,,,,,,56,37,,,,,,,,,98.9,20,,,,,43.4,,,,
205,"San Jose, CA",2012,66.8,1106,,,,867.3,,262.8,19,,5.5,143.8,974.9,76.8,,20.5,17.9,,185.6,80090,32.2,,38.2,29.1,54.6,,,,,,,,15.6,,81.8,,,,,33.7,45,23,10.9,24.3,157,85.9,83.1,43.4,23.9,2602.4,76.4,35.4,66.7,119.9,24.2,100,35.9,982783,,72.7,
206,"San Jose, CA",2013,42.8,1081.7,,,,1008.6,,240.4,20.2,,5.1,157.8,912.1,83.6,,20.7,15.2,,177.7,80977,54.1,,39.3,28.8,46.7,430,160,14.6,,379,199,,16.6,372,82.3,86,,,158,33.1,38,29,11.2,24,114.6,88.2,82.2,43.1,24.2,2652.8,78.3,56.5,99.6,199,30.7,100,36.5,998514,,72.8,
207,"San Jose, CA",2014,33,,,,,1095.5,,,,,,283.5,,82,,,,,,87210,,,39.6,,45.8,,,,,,,,2.3,,,,,,,62.6,,,11.7,23.1,67.4,89.5,55.7,43.2,23.5,2770.8,,38.4,99.4,164.9,34,100,,1015796,,53.5,
208,"San Jose, CA",2015,,,,,,1277.5,,,,,,351.4,,,,,,,,91451,,,39.1,9.3,55.4,,,,,,,,2.4,,,,,,,26.1,,,11.8,23,45.1,92,,42.8,23.1,,,35.1,114.8,,,100,,1026919,,,
209,"San Jose, CA",2016,,,,,,1416.1,,,,,,401.3,,,,,,,,101940,,,39.3,10,56.2,,,,,,,,2.9,,,,,,,25.5,,,11.5,23.1,46.1,82.5,,43.1,23,,,83.2,114.4,,,100,,1025373,,,
210,"San Jose, CA",2018,,,,,57,,,,,,,,,,,,,,,,,,,,,,,,,,,,,,,,,,,,,,,,,,,,,,,,,,,,,,41,,51
211,"Seattle, WA",2010,197.5,1208.5,4617.3,,,,,118.4,64.4,,51.1,,1032.2,376.1,25.6,33.8,5.2,574.7,222.5,,7,,,,,420,145,143,103,,383,,,,,69,127,145,104,,32.1,24.3,,,,,,,,7959.5,40.1,,,101.7,8.4,,65.1,,,95,
212,"Seattle, WA",2011,173.6,1327,5727,,,,,182.4,52.8,,10.7,,909.8,260.4,17.5,8.5,10.8,575.9,232.9,,5.5,,,,,499,226,170,152.6,204.6,564,,,13.6,,,,,187,,55.5,40.4,,,,,,,,8725.5,50.8,,,66.8,24.7,,55.9,,,24.6,
213,"Seattle, WA",2012,216.8,1100.2,5073.1,,,,,173.2,76.6,,33.3,,899.3,238.5,18.4,27.3,21.7,578.8,197.3,64473,20.2,,18.6,27.4,53.4,278,142,133,215.5,,449,,14.8,17.3,93.7,54,151,84,205,30.4,39.4,20.6,11.4,15.3,113.5,102.4,48.9,76.1,5.1,8940.2,43.6,,92.5,53.6,12.6,100,74.2,634541,,21.6,
214,"Seattle, WA",2013,181.5,1065.9,5435,,,,,169.7,87.2,,10.2,,795.7,170.7,15.9,26.4,29,497.4,200.3,70172,20.8,,17.7,25.5,68.3,287,171,135,84,189.1,435,,15.7,24.7,93.6,,,,,28.1,34.4,15.1,11.4,15.4,127.1,101.5,56.2,78.2,4.5,8954.2,56.3,,99.2,86.1,14.1,100,56.1,652429,,18.1,
215,"Seattle, WA",2014,109.7,954,6393.1,,,,,164.8,42.9,,49.9,,959.9,227.2,10.5,26.7,13.4,652.6,168.8,70975,19.8,,18.1,,62,34.2,58.8,121.2,46.3,,307,,2.5,,,1.4,123,75,112,50.2,29.3,21.7,12.2,14.9,94.7,103.7,41.3,78.1,4.1,6137.7,13.1,,99.3,422.6,12,100,86.3,668337,,62.1,
216,"Seattle, WA",2015,75.8,1022.6,4700.1,,,,,144.7,74.8,,43.4,,971.7,202,20.8,10.9,13.8,669,198.2,80349,14.1,,17.5,12.5,69.3,52.3,118.1,161.7,86,219,311,,1.5,,10.5,,,,,19.8,33.5,10.9,11.3,14.6,46.9,107.3,,79.5,4.1,7515.7,28.1,,103.6,160.6,20.8,100,105.4,684443,,45.5,
217,"Seattle, WA",2016,,,,,,,,,,,,,,,,,,,,83476,,,18.7,11.2,65.8,,,,,,,,2.2,,10.5,,,,,19.7,,,12.3,15.1,55,83.1,,79.3,3.8,,,,103.1,,,100,,704358,,,
218,"Seattle, WA",2018,,,,,63,,,,,,,,,,,,,,,,,,,,,,,,,,,,,,,,,,,,,,,,,,,,,,,,,,,,,,60,,73
219,"U.S. Total, U.S. Total",2010,114.2,1265.7,,,,,,200.1,113.3,7.2,70.8,,,155.3,25.3,,40.7,235.9,327.7,,82.6,29.9,,,,,,,,,,,,431.1,,,,,,,51.8,63,,,,,,,,3009.5,,,,,,,,,,7.2,
220,"U.S. Total, U.S. Total",2011,9,1226,,,,,,205.1,110.6,4.7,73.9,,,153.6,22.7,49.9,40.5,236.1,314.9,,87.4,30.4,,,,343.5,272.2,202.7,145.7,405.6,300.1,,,407.8,,,67.1,157.8,251.2,,51.4,57.5,,,,,,,,2788.3,15.7,,,,,,12.3,,,61.8,
221,"U.S. Total, U.S. Total",2012,59,1210.6,5397,,,,,202.1,109.6,7.8,76.8,,1243.1,167,20.6,50.3,22.3,236.4,308.3,,88.8,30,,,47.7,332.3,274.9,209.8,133.9,446.7,355.1,,21.8,169.7,,,54.7,,,27.6,43.3,53.6,13.7,23.5,175.5,112.1,113.1,79,13,3202.3,84,,99.7,16.4,1.1,100,12.6,313914040,,52.5,
222,"U.S. Total, U.S. Total",2013,99.5,1186,5383.8,,,,,198.7,106.7,8,79.3,,1240.5,162.4,19.8,48.1,22.3,236.4,324,42250,79.7,29.4,12.9,34,46.1,330.1,282.3,232.8,162.5,448.4,367,,19.9,491.3,86,85.2,53,109.5,237.1,26.6,43,47.5,14.1,23.3,144.6,113.1,96,79.2,13,3247,124.7,,99.7,15.2,1.2,100,67.3,316128839,,55.7,
223,"U.S. Total, U.S. Total",2014,80.4,1166.6,5315.6,,,,,160.6,106.9,7.6,78.8,,1211.6,162.9,19.1,47.6,21.8,236.4,288.4,53657,80.3,34.6,13.3,,47.1,343.1,284.3,219.5,140.7,235.5,336.2,,,495.4,28,,54.7,,,49.9,43.4,42.9,14.5,23.1,137.9,114.2,75.5,78.9,13.1,,118.3,,99.6,15.3,0.9,100,79,318857056,,3,
224,"U.S. Total, U.S. Total",2015,,1845.9,5342.6,,,,,195.8,106.4,,129.1,,1949.7,,18.1,87.9,,,440.4,55775,90.5,,13.5,,47.6,,,,,,,,4.8,,27.9,126,162,81.5,244.7,22.3,51.5,,14.9,22.9,82.9,115.6,,78.5,13.3,,115.6,,112.7,,,100,124,321418821,,,
225,"U.S. Total, U.S. Total",2016,,,,,,,,,,,,,,,,,,,,57617,,,13.5,13.2,48,,,,,,,,4.5,,27.7,,,,,21.3,,,15.2,22.8,94.5,119.4,,78.4,13.3,,,,112.5,,,100,,323127515,,,
226,"Washington, DC",2010,,1011.7,,,,2741.5,10.9,138,96.3,,78.2,1043.9,1221.7,,100.3,94.8,28.3,477.5,213.7,,31.2,1.7,,,,,,,,,,,,,,,,,,,44.1,28.8,,,,,,,,,84.9,,,43.6,4.2,,39.2,,,,
227,"Washington, DC",2011,66.3,970.5,,,,3432.7,10.8,141.5,91.4,,71.6,1341.5,1104.4,781.3,78.5,92.5,22.7,,216.2,,33,2.2,,,,319.1,175.9,179.8,137.2,,259.1,,,,,,,,,,39.9,36,,,,,,,,15732,93.1,108.7,,45.8,2.7,,28.1,,,74.6,
228,"Washington, DC",2012,429.9,1058.2,,,,3574.7,,118.5,101.9,,50.4,1343.1,1240,712.4,75.6,63.8,31.1,,219.9,66583,37.7,2,14.3,32.7,78.4,323.4,167.8,134.2,151.7,,241.6,4.4,24.8,,88.6,,,,,31.6,45.1,31.8,11.4,17.3,45.8,94.4,63.8,83.4,8,16178.3,49.8,67.9,99.7,32.1,2.3,100,29.1,632323,,40.5,
229,"Washington, DC",2013,292.9,,,,,3525.2,10.8,,,,,1427.6,,555.3,58.7,,,,,67572,,1.8,14.4,33.6,78.5,323.3,146.6,159.3,109.4,,260.8,3.3,25.4,,89.9,14.8,12.3,15.7,16.4,29.8,,,11.4,17.3,61.1,91.8,65.3,82.1,8.8,16602.8,,59.8,99.7,32.7,3.1,100,,646449,,38.9,
230,"Washington, DC",2014,234.6,,,,,3086.1,,,,,,1139.7,,477.1,53.4,,,,,71648,,4.3,14,,86.4,,,,,,,4.5,4.7,,19.3,,,,,49.8,,,11.3,17.5,54.4,93.1,54.8,82.2,8.6,,,70.9,99.7,19.5,1.8,100,,658893,,,
231,"Washington, DC",2015,198.4,,,,,4154.2,,,,,,989.2,,443.4,50,,,,,75628,,,14.2,15.5,74.6,,,,,,,,4.7,,18.3,,,,,20.6,,,11.4,17.5,34.8,91.4,,82.6,8.9,,,64.4,105.1,,,100,,672228,,,
232,"Washington, DC",2016,203.6,,,,,4200.7,10.1,,,,,1899,,369.5,60,,,,,75506,,,13.3,17.6,77.7,,,,,,,,4.7,,19.3,,,,,20.2,,,11.6,17.7,35.5,82.6,,82.9,9.2,13248.1,,89.6,105.2,,,100,,681170,,,
233,"Washington, DC",2018,,,,,69,,,,,,,,,,,,,,,,,,,,,,,,,,,,,,,,,,,,,,,,,,,,,,,,,,,,,,68,,77
